fold,splitter,train_samples,val_samples,train_subjects,val_subjects,num_classes,val_loss,f1_macro,accuracy,auc_macro_ovr,top_2_accuracy,top_3_accuracy
1,StratifiedGroupKFold,8326,1628,25,5,19,2.7987179533562436,0.05697187809389838,0.11056511056511056,0.5636824040747141,0.21437346437346438,0.3101965601965602
2,StratifiedGroupKFold,7722,2232,23,7,19,2.7558579675612913,0.06904048592269865,0.14068100358422939,0.6036418926873821,0.25,0.3409498207885305
3,StratifiedGroupKFold,8029,1925,24,6,19,2.7756501621394962,0.06466140826142383,0.11948051948051948,0.5647754251841072,0.21298701298701297,0.3106493506493507
4,StratifiedGroupKFold,8027,1927,24,6,19,2.782336187907062,0.058658285621912276,0.11364815775817333,0.5735187522119528,0.2101712506486767,0.3035806953814219
5,StratifiedGroupKFold,7712,2242,24,6,19,2.714526405300443,0.07488732625256302,0.15298840321141838,0.6398176740143461,0.2711864406779661,0.3813559322033898
