{
  "splitter": "StratifiedGroupKFold",
  "n_folds_completed": 5,
  "f1_macro_mean": 0.04014412159381166,
  "f1_macro_std": 0.011348851516738008,
  "accuracy_mean": 0.11140429311568203,
  "accuracy_std": 0.008616447496068068,
  "auc_macro_ovr_mean": 0.5558988667781418,
  "auc_macro_ovr_std": 0.008473373020360563,
  "top_2_accuracy_mean": 0.20122222630101408,
  "top_3_accuracy_mean": 0.28937520237272396
}