fold,splitter,train_samples,val_samples,train_subjects,val_subjects,num_classes,val_loss,f1_macro,accuracy,auc_macro_ovr,top_2_accuracy,top_3_accuracy
1,StratifiedGroupKFold,8029,1925,25,5,19,2.896204924769216,0.02599110941418654,0.09974025974025974,0.5515512522624144,0.19532467532467532,0.27116883116883117
2,StratifiedGroupKFold,7718,2236,23,7,19,2.7823746456016583,0.050292779082855725,0.12432915921288014,0.5583840997877126,0.22540250447227192,0.31753130590339895
3,StratifiedGroupKFold,8035,1919,24,6,19,2.9092361057345104,0.02693002097720791,0.10474205315268369,0.5418052702486037,0.15581031787389266,0.23866597186034394
4,StratifiedGroupKFold,8027,1927,24,6,19,2.7945938123961342,0.04576762534273721,0.11624286455630514,0.5618786020650463,0.21899325376232487,0.3092890503373119
5,StratifiedGroupKFold,8007,1947,24,6,19,2.7906138714485187,0.05173907315207091,0.11196712891628145,0.565875109526932,0.2105803800719055,0.31022085259373394
