fold,splitter,train_samples,val_samples,train_subjects,val_subjects,num_classes,val_loss,f1_macro,accuracy,auc_macro_ovr,top_2_accuracy,top_3_accuracy
1,StratifiedGroupKFold,8029,1925,25,5,19,2.7402816081356693,0.06758642855391156,0.15116883116883117,0.6238728850360648,0.25662337662337664,0.33766233766233766
2,StratifiedGroupKFold,7718,2236,23,7,19,2.7765771203902627,0.05391089165670229,0.12075134168157424,0.5611237988077008,0.2464221824686941,0.3300536672629696
3,StratifiedGroupKFold,8035,1919,24,6,19,2.750326500266961,0.0533702090535166,0.12298071912454403,0.6013976346296296,0.25377800937988537,0.3501823866597186
4,StratifiedGroupKFold,8027,1927,24,6,19,2.8015180776078403,0.04295150586495827,0.10223144784639336,0.5645441588108562,0.2210690192008303,0.3103269330565646
5,StratifiedGroupKFold,8007,1947,24,6,19,2.795388594246792,0.05711375653785445,0.11299435028248588,0.5530341279376354,0.22136620441705188,0.30868002054442734
