{
  "splitter": "StratifiedGroupKFold",
  "n_folds_completed": 5,
  "f1_macro_mean": 0.1025918533913001,
  "f1_macro_std": 0.003315637269328613,
  "accuracy_mean": 0.2580565766132369,
  "accuracy_std": 0.01947918201527995,
  "auc_macro_ovr_mean": 0.5851120311527579,
  "auc_macro_ovr_std": 0.013620029836452692,
  "top_2_accuracy_mean": 0.4449214101470975,
  "top_3_accuracy_mean": 0.5708654087087406
}